Workbook
Name aporte: Folha1!$D$12
Name patrimonio: Folha1!$D$15
Name qtd_anos: Folha1!$D$13
Name redimento_carteira: Folha1!$D$8
Name salario: Folha1!$D$7
Name sugestao_investimento: Folha1!$D$9
Name taxa_mensal: Folha1!$D$14

Sheet Folha1
B6: CONFIGURAÇÕES
B7: Sugestão de Investimento | D7: 2000
B8: Rendimento Carteira | D8: 0.006
B9: Sugestão de Investimento (30%) | D9: =salario*30% -> 600
B11: INVESTIMENTO MENSAL
B12: Quanto investir por mês | D12: 200
B13: Por quantos anos? | D13: 10
B14: Taxa de rendimento mensal? | D14: 0.01079
B15: Patrimônio acumulado? | D15: =FV(taxa_mensal,qtd_anos*12,aporte*-1) -> 48656.843
B16: Dividendos mensais? | D16: =patrimonio*redimento_carteira -> 291.94106
B18: CENÁRIOS | D18: Dividendo
A19: 2 | B19: Quanto em 2 Anos? | C19: =FV($D$14,$A19*12,$D$12*-1) -> 5445.5255 | D19: =C19*redimento_carteira -> 32.673153
A20: 5 | B20: Quanto em 5 Anos? | C20: =FV($D$14,$A20*12,$D$12*-1) -> 16755.383 | D20: =C20*redimento_carteira -> 100.5323
A21: 10 | B21: Quanto em 10 Anos? | C21: =FV($D$14,$A21*12,$D$12*-1) -> 48656.843 | D21: =C21*redimento_carteira -> 291.94106
A22: 20 | B22: Quanto em 20 Anos? | C22: =FV($D$14,$A22*12,$D$12*-1) -> 225039.68 | D22: =C22*redimento_carteira -> 1350.2381
A23: 30 | B23: Quanto em 30 Anos? | C23: =FV($D$14,$A23*12,$D$12*-1) -> 864433.93 | D23: =C23*redimento_carteira -> 5186.6036
B25: PERFIL | C25: Agressivo
B26: VALOR A SER INVESTIDO POR MÊS | C26: =aporte -> 200
B28: TIPO DE FII | C28: Percentual sugerido | D28: Valores
B29: PAPEL | C29: =VLOOKUP($C$25&"-"&B29,Folha2!$B:$E,4,FALSE) -> 0.5 | D29: =C29*$C$26 -> 100
B30: TIJOLO | C30: =VLOOKUP($C$25&"-"&B30,Folha2!$B:$E,4,FALSE) -> 0.1 | D30: =C30*$C$26 -> 20
B31: HÍBRIDOS | C31: =VLOOKUP($C$25&"-"&B31,Folha2!$B:$E,4,FALSE) -> 0.05 | D31: =C31*$C$26 -> 10
B32: FOF's | C32: =VLOOKUP($C$25&"-"&B32,Folha2!$B:$E,4,FALSE) -> 0.05 | D32: =C32*$C$26 -> 10
B33: DESENVOLVIMENTO | C33: =VLOOKUP($C$25&"-"&B33,Folha2!$B:$E,4,FALSE) -> 0.2 | D33: =C33*$C$26 -> 40
B34: HOTELARIAS | C34: =VLOOKUP($C$25&"-"&B34,Folha2!$B:$E,4,FALSE) -> 0.1 | D34: =C34*$C$26 -> 20
D35: =SUM(D29:D34) -> 200

Sheet Folha2
B2: Chave | C2: Perfil | D2: Tip de FII | E2: %
B3: =C3&"-"&D3 -> Conservador-PAPEL | C3: Conservador | D3: PAPEL | E3: 0.3
B4: =C4&"-"&D4 -> Conservador-TIJOLO | C4: Conservador | D4: TIJOLO | E4: 0.5
B5: =C5&"-"&D5 -> Conservador-HÍBRIDOS | C5: Conservador | D5: HÍBRIDOS | E5: 0.1
B6: =C6&"-"&D6 -> Conservador-FOF's | C6: Conservador | D6: FOF's | E6: 0.1
B7: =C7&"-"&D7 -> Conservador-DESENVOLVIMENTO | C7: Conservador | D7: DESENVOLVIMENTO | E7: 0
B8: =C8&"-"&D8 -> Conservador-HOTELARIAS | C8: Conservador | D8: HOTELARIAS | E8: 0
B9: =C9&"-"&D9 -> Moderado-PAPEL | C9: Moderado | D9: PAPEL | E9: 0.32
B10: =C10&"-"&D10 -> Moderado-TIJOLO | C10: Moderado | D10: TIJOLO | E10: 0.35
B11: =C11&"-"&D11 -> Moderado-HÍBRIDOS | C11: Moderado | D11: HÍBRIDOS | E11: 0.08
B12: =C12&"-"&D12 -> Moderado-FOF's | C12: Moderado | D12: FOF's | E12: 0.05
B13: =C13&"-"&D13 -> Moderado-DESENVOLVIMENTO | C13: Moderado | D13: DESENVOLVIMENTO | E13: 0.1
B14: =C14&"-"&D14 -> Moderado-HOTELARIAS | C14: Moderado | D14: HOTELARIAS | E14: 0.1
... B20: =C20&"-"&D20 -> Agressivo-HOTELARIAS | C20: Agressivo | D20: HOTELARIAS | E20: 0.1
